model,enet-glmscalar,gnn-glmdiag,gnn-id-glmdiag,mlp-glmscalar,xgb-glmscalar
enet-glmscalar,,0.917595,0.917595,0.917595,0.917595
gnn-glmdiag,0.917595,,0.917595,0.917595,0.917595
gnn-id-glmdiag,0.917595,0.917595,,0.917595,0.917595
mlp-glmscalar,0.917595,0.917595,0.917595,,0.917595
xgb-glmscalar,0.917595,0.917595,0.917595,0.917595,
